,,,,
,,,,
,,,,
공 사 명 : 부지조성공사 3-1공구(정산),,,,
구       분,규     격,단위, 수량 ,비  고
,,,,
,,,,
1. 토공,,,,
2. 포장공,,,,
3. 우수공,,,,
4. 오수공,,,,
5. 상수공,,,,
6. 공동구,,,,
7. 전기/통신/가로등(전기공사 제외),,,,
8. Irrigation공(메인관로),,,,
9. 기타공,,,,
10. Priority,,,,
11. 오수중계펌프장,,,,
12. 우수빗물펌프장,,,,
,,,,
[  직 접 공 사 비 계 ],,,,
,,,,
,,,,
,,,,
1. 토공,,,,
1. 표토제거,,,,
   1) 표토제거,T=30cm,m3, - ,
2. 절토 및 상차,,, - ,
   1) 절토 및 상차,,m3," 87,457.00 ",
3. 성토,,, - ,
   1) 비다짐구간,,m3," 225,434.00 ",
   2) 다짐 구간,다짐도 95%,m3," 8,165.00 ",
4. 잔토처리(토사이동),,, - ,
   1) 잔토처리(토사이동),,m3," 205,612.00 ",
5. Selected Soil 함수비 조정,,, - ,
   1) Selected Soil 함수비 조정,,m3, - ,
6. 부대공,,, - ,
   1) 작업로 및 가도보수,,mon, - ,
   2) 규준틀,,ea, - ,
,,, - ,
,,, - ,
2. 포장공,,, - ,
1. 기층/보조기층,,, - ,
   1) 기층,,m3," 34,068.00 ",
   2) 보조기층,골재치환 포함,m3," 9,562.00 ",
2. 도로 중분대/경계석,,, - ,
   1) 도로경계블럭,150x150x1000,m," 32,150.00 ",
   2) 중분대측구용블럭,150x200x1000,m, 684.00 ,
3. 보차도 경계블럭,,, - ,
   1) 보차도 경계블럭,"200x300x1000, 150x200x1000",m," 12,178.00 ",
   2) 보차도 경계블럭 도색,"200x300x1000, 150x200x1000",m," 7,055.00 ",
4. 아스콘 포장,,, - ,
    1) 표층,#78,m2," 178,805.00 ",
    2) 중간층,#67,m2," 146,628.00 ",
5. 보도포장,,, - ,
   1) 보도포장,"T=6cm, 보조기층 포함",m2," 49,719.00 ",
6. 차선도색,,, - ,
   1) 차선도색,,m2," 13,228.00 ",
7. 도로표지판 등,,, - ,
   1) 삼각표지판,,, - ,
       (1). 터파기,,m3, 187.00 ,
       (2). 되메우기,,m3, 160.00 ,
       (3). 기초설치,,ea, 110.00 ,
   2) 원형/팔각표지판,,, - ,
       (1). 터파기,,m3, 271.00 ,
       (2). 되메우기,,m3, 232.00 ,
       (3). 기초설치,,ea, 159.00 ,
   3) 방향표지판,,, - ,
       (1). 터파기,,m3," 1,620.00 ",
       (2). 되메우기,,m3," 1,309.00 ",
       (3). 기초설치,,ea, 32.00 ,
8. 도로 표지병 및 데리네이터,,ea," 1,475.00 ",
9. 주차장 휀스,,m," 1,339.00 ",
10. 신호등,,, - ,
   1) 교통 신호등,기초 및 전선관 부설포함,개소, 16.00 ,
   2) 보행 신호등,기초 및 전선관 부설포함,개소, 32.00 ,
   3) 핸드홀,현장타설,ea, 25.00 ,
   4) 신호등 제어반,현장타설,ea, 4.00 ,
,,, - ,
3. 우수공,,, - ,
1. 토공,,, - ,
   1) 터파기,,m3," 6,796.00 ",
   2) 되메우기(기계+인력),,m3," 2,614.00 ",
   3) 되메우기(인력),,m3," 2,785.00 ",
2. 관로공,,, - ,
   1). UPVC관,,, - ,
"       (1). UPVC관, 공칭직경250mm","D250mm,모래기초360˚",m," 1,621.00 ",
"       (2). UPVC관, 공칭직경315mm","D315mm,모래기초360˚",m, 123.00 ,
"       (3). UPVC관, 공칭직경400mm","D400mm,모래기초360˚",m, 31.00 ,
"       (4). UPVC관, 공칭직경450mm","D450mm,모래기초360˚",m, - ,
"       (5). UPVC관, 공칭직경500mm","D500mm,모래기초360˚",m, 116.00 ,
   2). GRP관,,, - ,
"       (6). GRP관, 공칭직경600mm","D600mm,모래기초360˚",m, 258.00 ,
"       (1). GRP관, 공칭직경700mm","D700mm,모래기초360˚",m, - ,
"       (2). GRP관,  공칭직경800mm","D800mm,모래기초360˚",m, 100.00 ,
"       (3). GRP관, 공칭직경900mm","D900mm,모래기초360˚",m, - ,
"       (4). GRP관, 공칭직경1000mm","D1000mm,모래기초360˚",m, - ,
"       (5). GRP관, 공칭직경1100mm","D1100mm,모래기초360˚",m, - ,
"       (6). GRP관, 공칭직경1200mm","D1200mm,모래기초360˚",m, - ,
"       (7). GRP관, 공칭직경1300mm","D1300mm,모래기초360˚",m, - ,
"       (8). GRP관, 공칭직경1400mm","D1400mm,모래기초360˚",m, - ,
"       (9). GRP관, 공칭직경1500mm","D1500mm,모래기초360˚",m, - ,
"      (10). GRP관, 공칭직경1600mm","D1600mm,모래기초360˚",m, - ,
"      (11). GRP관, 공칭직경1700mm","D1700mm,모래기초360˚",m, - ,
"      (12). GRP관, 공칭직경1800mm","D1800mm,모래기초360˚",m, - ,
3. 우수맨홀,,, - ,
   1) 원형맨홀,,, - ,
"       (1). 원형맨홀1호, 현장타설콘크리트",D=1200mm,ea, 1.00 ,
"       (2). 원형맨홀2호,현장타설콘크리트",D=1350mm,ea, 1.00 ,
"       (3). 원형맨홀3호,현장타설콘크리트",D=1500mm,ea, - ,
"       (4). 원형맨홀4호,현장타설콘크리트",D=1800mm,ea, 2.00 ,
"       (5). 원형맨홀5호,현장타설콘크리트",D=2000mm,ea, - ,
"       (6). 원형맨홀6호,현장타설콘크리트",D=2100mm,ea, - ,
   2) 각형맨홀,,, - ,
"       (1). 각형맨홀1호, 현장타설콘크리트",1200×1075,ea, - ,
"       (2). 각형맨홀2호, 현장타설콘크리트",1350x1225,ea, - ,
"       (3). 각형맨홀3호, 현장타설콘크리트",1500x1475,ea, - ,
"       (4). 각형맨홀4호, 현장타설콘크리트",1800x1675,ea, - ,
"       (5). 각형맨홀5호, 현장타설콘크리트",1800x1875,ea, - ,
"       (6). 각형맨홀6호, 현장타설콘크리트",1800x2075,ea, - ,
"       (7). 각형맨홀7호, 현장타설콘크리트",1800x2275,ea, - ,
"       (8). 각형맨홀8호, 현장타설콘크리트",1800x2475,ea, - ,
"       (9). 각형맨홀9호, 현장타설콘크리트",2475x2475,ea, - ,
   3) 우수받이,,, - ,
       (1). 우수받이,400×700mm,ea, 159.00 ,
       (2). 우수관 보호콘크리트,,ea, 131.00 ,
   4) 프라이머 방수,,, - ,
       (1). 외부,4415,m2, 220.75 ,
       (2). 내부,2882,m2, 144.10 ,
4. 배수관 날개벽,,, - ,
   1) 배수관 날개벽 D=400mm,,ea, - ,
   2) 배수관 날개벽 D=630mm,,ea, - ,
   3) 배수관 날개벽 D=1300mm,,ea, - ,
   4) 배수관 날개벽 D=1400mm,,ea, - ,
   5) 배수관 날개벽 D=1600mm,,ea, - ,
   6) 배수관 날개벽 D=1700mm,,ea, - ,
   7) 배수관 날개벽 D=1800mm,,ea, - ,
5 우수부대공,,, - ,
   1) 관로표식테이프,,m," 20,470.00 ",
   2) 물푸기,,hr, - ,
   3). 수밀검사,,ea, - ,
,,, - ,
,,, - ,
4. 오수공,,, - ,
1. 토공,,, - ,
   1) 터파기,,m3, 549.00 ,
   2) 되메우기(기계+인력),,m3, 468.00 ,
   3) 되메우기(인력),,m3, 49.00 ,
2. 관로,,, - ,
   1). UPVC관,,, - ,
"       (1). UPVC관,공칭직경200mm","Φ200mm,모래기초360˚",m, - ,
"       (2). UPVC관,공칭직경315mm","Φ315mm,모래기초360˚",m, 80.00 ,
"       (3). UPVC관,공칭직경400mm","Φ400mm,모래기초360˚",m,,
"       (4). UPVC관,공칭직경500mm","Φ500mm,모래기초360˚",m, 1.00 ,
   2) GRP관,,, - ,
"       (1). GRP관,공칭직경600mm","D600mm,모래기초360˚",m, - ,
"       (2). GRP관,공칭직경700mm","Φ700mm,모래기초360˚",m,,
"       (3). GRP관,공칭직경800mm","Φ800mm,모래기초360˚",m, - ,
"       (4). GRP관,공칭직경900mm","Φ900mm,모래기초360˚",m, 21.00 ,
"       (5). GRP관,공칭직경1000mm","Φ1000mm,모래기초360˚",m, - ,
"       (6). GRP관,공칭직경1200mm","Φ1200mm,모래기초360˚",m, - ,
"       (7). GRP관,공칭직경1300mm","Φ1300mm,모래기초360˚",m, - ,
"       (8). GRP관,공칭직경1500mm","Φ1500mm,모래기초360˚",m, - ,
"       (9). GRP압력관,공칭직경1500mm","Φ1500mm(압력관),모래기초360˚",m, - ,
   3) 분기연결관,,, - ,
       (1). 분기관 설치,,ea, - ,
3. 오수맨홀,,, - ,
   1). 원형맨홀,,, - ,
"       (1). 원형맨홀1호,현장타설콘크리트",D=1200mm,ea, 1.00 ,
"       (2). 원형맨홀1호,현장타설콘크리트",D=1200mm(분기),ea, - ,
"       (3). 원형맨홀2호,현장타설콘크리트",D=1350mm,ea, - ,
"       (4). 원형맨홀3호,현장타설콘크리트",D=1500mm,ea, - ,
"       (5). 원형맨홀4호,현장타설콘크리트",D=1800mm,ea, - ,
"       (6). 원형맨홀6호,현장타설콘크리트",D=2100mm,ea, - ,
   2). 각형맨홀,,, - ,
"       (1). 각형맨홀1호, 현장타설콘크리트",1200×1075,ea, - ,
"       (2). 각형맨홀2호, 현장타설콘크리트",1300×1225,ea, - ,
"       (3). 각형맨홀3호, 현장타설콘크리트",1500×1475,ea, - ,
"       (4). 각형맨홀4호, 현장타설콘크리트",1800×1675,ea, - ,
"       (5). 각형맨홀5호, 현장타설콘크리트",1800×1875,ea, - ,
"       (6). 각형맨홀6호, 현장타설콘크리트",1800×2075,ea, - ,
"       (7). 각형맨홀7호, 현장타설콘크리트",1800×2275,ea, - ,
   3). 부관맨홀,,, - ,
       (1). 부관맨홀 D200,,ea, - ,
       (2). 부관맨홀 D315,,ea, - ,
       (3). 부관맨홀 D400,,ea, - ,
   4) 프라이머 방수,,, - ,
       (1). 외부,2816,m2, - ,
       (2). 내부,1849,m2, - ,
 4. 부대공,,, - ,
   1). 관로표식테이프,"흑갈색, 10cm",m," 11,580.00 ",
   2). 물푸기,,hr, - ,
   3). 수압시험,,ea, - ,
   4). 수밀검사,,ea, - ,
   5). Trunk Line  환기구 설치,,ea, - ,
,,, - ,
5. 상수공,,, - ,
1. 토공,,, - ,
   1). 터파기,,m3," 14,205.00 ",
   2). 되메우기(기계+인력),,m3," 7,649.00 ",
   3). 되메우기(인력),,m3," 4,103.00 ",
2. 관로공,,, - ,
   1). GRP pipe,,, - ,
"       (1). GRP pipe,공칭직경 250mm","Ø250mm, 모래기초360˚",m, 666.00 ,
"       (2). GRP pipe,공칭직경 300mm","Ø300mm, 모래기초360˚",m," 1,710.00 ",
"       (3). GRP pipe,공칭직경 400mm","Ø400mm, 모래기초360˚",m, 730.00 ,
"       (4). GRP pipe,공칭직경 500mm","Ø500mm, 모래기초360˚",m," 1,445.00 ",
"       (5). GRP pipe,공칭직경 600mm","D600mm,모래기초360˚",m, - ,
"       (6). GRP pipe,공칭직경 700mm","Ø700mm, 모래기초360˚",m, 643.00 ,
"       (7). GRP pipe,공칭직경 800mm","D800mm,모래기초360˚",m, - ,
"       (8). GRP pipe,공칭직경 900mm","Ø900mm, 모래기초360˚",m, - ,
"       (9). GRP pipe,공칭직경 1,000mm","Ø1,000mm, 모래기초360˚",m, - ,
"       (10). GRP pipe,공칭직경 1,200mm","Ø1,200mm, 모래기초360˚",m, - ,
"       (11). GRP pipe,공칭직경 1,600mm","Ø1,600mm, 모래기초360˚",m, - ,
   2). HDPE pipe,,, - ,
"       (1). HDPE pipe,공칭직경 63mm",,m, 386.00 ,
"       (2). HDPE pipe,공칭직경 90mm",,m, 412.00 ,
"       (3). HDPE pipe,공칭직경 110mm",,m, 45.00 ,
"       (4). HDPE pipe,공칭직경 160mm",,m, - ,
"       (5). HDPE pipe,공칭직경 225mm",,m, - ,
   3). 소화전 설치,,ea, 23.00 ,
3. 변실,,, - ,
"       (1). 변실,현장타설,1.2x1.2",TYPE- 1,nr, - ,
"       (2). 변실,현장타설,2.0X1.5",TYPE- 2,nr, 17.00 ,
"       (3). 변실,현장타설,2.5X2.0",TYPE- 3,nr, 7.00 ,
"       (4). 변실,현장타설,3.0X2.0",TYPE- 4,nr, - ,
"       (5). 변실,현장타설,3.0X3.0",TYPE- 5,nr, - ,
"       (5). 변실,현장타설,3.5X3.0",TYPE- 6,nr, - ,
"       (6). 변실,현장타설,4.0X3.0",TYPE- 7,nr, - ,
"       (7). 변실,현장타설,5.0X4.0",TYPE- 8,nr, - ,
"       (8). 변실,현장타설,6.0X4.0",TYPE- 9,nr, - ,
"       (9). 변실,현장타설,6.6X4.0",TYPE- 10,nr, - ,
"       (10). 변실,현장타설,9.2X5.4",TYPE- 11,nr, - ,
       (11). 프라이머 방수,1133,m2, 777.00 ,
       (12). 모체침투성 방수,,m2, - ,
4. 부대공,,, - ,
   1). 관로표식테이프,,m," 15,381.00 ",
   2). 퇴수시험,,m3, - ,
   3). 수압시험,,ea, 47.00 ,
,,, - ,
,,, - ,
7. 전기/통신/가로등(전기공사 제외),,, - ,
1. 토공,,, - ,
   1). 터파기(전기),,m3,,
"   2). 터파기(통신,가로등)",,m3," 15,452.00 ",
   3). 되메우기(전기),,m3,,
"   4). 되메우기(통신,가로등)",,m3," 13,630.00 ",
2. 전선관,,, - ,
   1). ELP관,,, - ,
"       (1). ELP, 공칭직경 30mm",,m, - ,
"       (2). ELP, 공칭직경 40mm",,m, - ,
"       (3). ELP, 공칭직경 50mm",,m," 11,482.00 ",
"       (3). ELP, 공칭직경65mm",,, - , 내역 외 
"       (4). ELP, 공칭직경 75mm",,m," 5,659.00 ",
"       (5). ELP, 공칭직경 80mm",,m, - ,
"       (6). ELP, 공칭직경 90mm",,m, - ,
"       (6). ELP, 공칭직경 125mm",,m, - ,
"       (6). ELP, 공칭직경 150mm",,m,, 내역 외 
"       (7). ELP, 공칭직경 160mm",내경 150mm,m," 6,908.00 ",
COD 100mm,,m,, 내역 외 
COD 90mm,,m,, 내역 외 
   2). PVC/PE 관,,, - ,
"       (1). PVC, 공칭직경 42mm",,m, - ,
"       (2). PVC, 공칭직경 54mm",,m, - ,
"       (3). PVC, 공칭직경 82mm",,m, - ,
"       (4). PVC, 공칭직경 110mm",,m, - ,
"       (5). PVC, 공칭직경 125mm",,m, - ,
3. Protection Plate,현장제작(0.8x0.4x0.04),ea, - ,
4. 맨홀,,ea, - ,
5. 통신맨홀,,ea, - , 내역 외 
5. 가로등 핸드홀/기초,,, - ,
   1). 핸드홀,현장타설,ea, 25.00 ,
   2). 제어반 기초,현장타설,ea, 7.00 ,
   3). 가로등 기초,가로등기초 제작 제외,ea, 266.00 ,
,,, - ,
8. Irrigation공(메인관로),,, - ,
1. 토공,,, - ,
   1). 터파기,,m3," 16,503.00 ",
   2). 되메우기(기계+인력),,m3," 14,706.00 ",
   3). 되메우기(인력),,m3, 195.00 ,
2. 관로공,,, - ,
   1). HDPE pipe,,, - ,
"       (1). HDPE pipe,공칭직경 32mm",,m, 270.00 ,
"       (2). HDPE pipe,공칭직경 40mm",,m," 1,189.00 ",
"       (3). HDPE pipe,공칭직경 50mm",,m, 147.00 ,
"       (4). HDPE pipe,공칭직경 63mm",,m, 135.00 ,
"       (5). HDPE pipe,공칭직경 90mm",,m," 3,227.00 ",
"       (6). HDPE pipe,공칭직경 110mm",,m," 3,817.00 ",
"       (7). HDPE pipe,공칭직경 160mm",,m," 2,242.00 ",
"       (8). HDPE pipe,공칭직경 200mm",,m, 794.00 ,
"       (9). HDPE pipe,공칭직경 280mm",,m, 27.00 ,
"       (10). HDPE pipe,공칭직경 315mm",,m, 785.00 ,
"       (11). HDPE pipe,공칭직경 355mm",,m, 25.00 ,
"       (12). HDPE pipe,공칭직경 400mm",,m, - ,
"       (13). HDPE pipe,공칭직경 450mm",,m, - ,
"       (14). HDPE pipe,공칭직경 500mm",,m, - ,
"       (15). HDPE pipe,공칭직경 710mm",,m, - ,
3. 변실,,, - ,
"       (1). 변실,현장타설,1.2x1.2",TYPE- 1,nr, 4.00 ,
"       (2). 변실,현장타설,2.0X1.5",TYPE- 2,nr, 6.00 ,
"       (3). 원형,현장타설, ",D=1200mm,nr, 14.00 ,
       (4). 프라이머 방수,,m2, - ,
4. 부대공,,, - ,
   1). 수압시험,,ea, 81.00 ,
,,, - ,
9. 기타공,,, - ,
1. 맨홀 제작,,, - ,
   1). 원형맨홀 1호,,ea, 15.00 ,
   2). 원형맨홀 2호,,ea, 1.00 ,
   3). 원형맨홀 3호,,ea,,
   4). 원형맨홀 4호 벽체,,ea, 2.00 ,
   5). 가로등 기초,,ea, 266.00 ,
   6). 우수받이,,ea, 159.00 ,
   7). 오수받이,,ea, - ,
2. 철근제작장 운영,,, - ,
   1). 철근제작장 운영,,ton, 123.00 ,
3. 공사용 가도(골재포장),,, - ,
   1). 토사성토,"L=1.0km, B=9m, t=70cm",m3," 2,000.00 ",
   2). 토사운반,,m3," 2,000.00 ",
   3). 골재포설 및 다짐,"L=1.0km, B=9m, t=20cm",m3, 900.00 ,
4. Main Nursary 급수라인,,, - ,
   1). 토공,,, - ,
       (1). 터파기,,m3, - ,
       (2). 되메우기(기계+인력),,m3, - ,
   3). 관로,,, - ,
"       (1). HDPE pipe,공칭직경 160mm",,m, - ,
   4). 제수변 보호통 설치,,ea, - ,
   5). 도로횡단부 콘크리트 보강,,m, - ,
   6). 아스콘 포장보수,"W=0.7m, L=6m",m2, - ,
   6). Irrigation Channel->Main Nursery 공급라인,,식, - ,
10. 추가공사,,,,
(1) 치환층 재다짐,재다짐,m1," 48,216.20 ",
(2) 서브베이스 재다짐,재다짐,m2," 39,401 ",
(3) 베이스코스 재다짐,재다짐,m2," 41,345 ",
